,0
0,http://www.hankyung.com/news/app/newsview.php?aid=2015041413476
1,http://news.mk.co.kr/news_forward.php?domain=news&no=307738&year=2015
2,http://www.m-i.kr/news/articleView.html?idxno=160484
3,http://www.asiatoday.co.kr/view.php?key=20150331010018903
4,http://www.hankyung.com/news/app/newsview.php?aid=2014102025886
5,http://news.mk.co.kr/news_forward.php?domain=news&no=1331180&year=2014
6,http://biz.heraldcorp.com/view.php?ud=20141020000196
7,http://www.hankyung.com/news/app/newsview.php?aid=2014102015286
8,http://www.hankyung.com/news/app/newsview.php?aid=2014102015036
