152100,ARIRANG 200,ETF
222170,ARIRANG S&P;한국배당성장,ETF
161490,ARIRANG 경기방어주,ETF
161500,ARIRANG 경기주도주,ETF
161510,ARIRANG 고배당주,ETF
189400,ARIRANG 글로벌MSCI(합성 H),ETF
190160,ARIRANG 단기유동성,ETF
190150,ARIRANG 바벨 채권,ETF
195970,ARIRANG 선진국MSCI(합성 H),ETF
222190,ARIRANG 스마트베타 Momentum,ETF
222200,ARIRANG 스마트베타 Quality,ETF
222180,ARIRANG 스마트베타 Value,ETF
195980,ARIRANG 신흥국MSCI(합성 H),ETF
141240,ARIRANG 코스피100동일가중,ETF
122090,ARIRANG 코스피50,ETF
148020,KBSTAR 200,ETF
105780,KBSTAR 5대그룹주,ETF
114100,KBSTAR 국고채3년,ETF
196230,KBSTAR 단기통안채,ETF
219390,KBSTAR 미국S&P;원유생산기업(합성 H),ETF
140570,KBSTAR 수출주,ETF
140580,KBSTAR 우량업종,ETF
196220,KBSTAR 일본TOPIX레버리지(H),ETF
183710,KBSTAR 주식혼합,ETF
174360,KBSTAR 중국본토대형주CSI100,ETF
136340,KBSTAR 중기우량회사채,ETF
183700,KBSTAR 채권혼합,ETF
105190,KINDEX 200,ETF
225130,KINDEX 골드선물 레버리지(합성 H),ETF
190620,KINDEX 단기통안채,ETF
152500,KINDEX 레버리지,ETF
181480,KINDEX 미국다우존스리츠(합성 H),ETF
143460,KINDEX 밸류대형,ETF
131890,KINDEX 삼성그룹동일가중,ETF
108450,KINDEX 삼성그룹섹터가중,ETF
145670,KINDEX 인버스,ETF
196030,KINDEX 일본TOPIX레버리지(H),ETF
168580,KINDEX 중국본토CSI300,ETF
219900,KINDEX 중국본토CSI300레버리지(합성),ETF
114460,KINDEX 중기국고채,ETF
227930,KINDEX 코스닥 150,ETF
226380,KINDEX 한류,ETF
069500,KODEX 200,ETF
226980,KODEX 200 중소형,ETF
223190,KODEX 200가치저변동,ETF
099140,KODEX China H,ETF
156080,KODEX KOREA MSCI,ETF
229720,KODEX KTOP30,ETF
117700,KODEX 건설,ETF
132030,KODEX 골드선물(H),ETF
138910,KODEX 구리선물(H),ETF
114260,KODEX 국고채3년,ETF
152380,KODEX 국채선물10년,ETF
176950,KODEX 국채선물10년인버스,ETF
102960,KODEX 기계장비,ETF
153130,KODEX 단기채권,ETF
200050,KODEX 독일MSCI(합성),ETF
122630,KODEX 레버리지,ETF
200020,KODEX 미국S&P; IT(합성),ETF
219480,KODEX 미국S&P500;선물(H),ETF
200040,KODEX 미국S&P;금융(합성),ETF
185680,KODEX 미국S&P;바이오(합성),ETF
200030,KODEX 미국S&P;산업재(합성),ETF
218420,KODEX 미국S&P;에너지(합성),ETF
091160,KODEX 반도체,ETF
140700,KODEX 보험,ETF
102780,KODEX 삼성그룹,ETF
136280,KODEX 소비재,ETF
117460,KODEX 에너지화학,ETF
140710,KODEX 운송,ETF
144600,KODEX 은선물(H),ETF
091170,KODEX 은행,ETF
114800,KODEX 인버스,ETF
101280,KODEX 일본TOPIX100,ETF
091180,KODEX 자동차,ETF
169950,KODEX 중국본토 A50,ETF
102970,KODEX 증권,ETF
117680,KODEX 철강,ETF
229200,KODEX 코스닥 150,ETF
226490,KODEX 코스피,ETF
138920,KODEX 콩선물(H),ETF
152280,KOSEF 200,ETF
069660,KOSEF 200,ETF
100910,KOSEF KRX100,ETF
104530,KOSEF 고배당,ETF
148070,KOSEF 국고채10년,ETF
167860,KOSEF 국고채10년레버리지,ETF
114470,KOSEF 국고채3년,ETF
130730,KOSEF 단기자금,ETF
138230,KOSEF 미국달러선물,ETF
225800,KOSEF 미국달러선물 레버리지(합성),ETF
230480,KOSEF 미국달러선물 인버스2X(합성),ETF
139660,KOSEF 미국달러선물인버스,ETF
104520,KOSEF 블루칩,ETF
200250,KOSEF 인도Nifty50(합성),ETF
153270,KOSEF 코스피100,ETF
122260,KOSEF 통안채1년,ETF
168300,KTOP 코스피50,ETF
220130,SMART 중국본토 중소형 CSI500(합성 H),ETF
102110,TIGER 200,ETF
139260,TIGER 200 IT,ETF
139220,TIGER 200 건설,ETF
139290,TIGER 200 경기소비재,ETF
139270,TIGER 200 금융,ETF
227550,TIGER 200 산업재,ETF
227560,TIGER 200 생활소비재,ETF
139250,TIGER 200 에너지화학,ETF
139230,TIGER 200 중공업,ETF
139240,TIGER 200 철강소재,ETF
227540,TIGER 200 헬스케어,ETF
166400,TIGER 200커버드C,ETF
091210,TIGER KRX100,ETF
228820,TIGER KTOP30,ETF
138530,TIGER LG그룹+펀더멘털,ETF
217790,TIGER 가격조정,ETF
139280,TIGER 경기방어,ETF
160580,TIGER 구리실물,ETF
114820,TIGER 국채3년,ETF
139310,TIGER 금속선물(H),ETF
139320,TIGER 금은선물(H),ETF
137610,TIGER 농산물선물Enhanced(H),ETF
182490,TIGER 단기선진하이일드(합성 H),ETF
157450,TIGER 단기통안채,ETF
105010,TIGER 라틴35,ETF
123320,TIGER 레버리지,ETF
174350,TIGER 로우볼,ETF
147970,TIGER 모멘텀,ETF
182480,TIGER 미국MSCI리츠(합성 H),ETF
225040,TIGER 미국S&P500;레버리지(합성 H),ETF
143850,TIGER 미국S&P500;선물(H),ETF
225030,TIGER 미국S&P500;선물인버스(H),ETF
133690,TIGER 미국나스닥100,ETF
228810,TIGER 미디어컨텐츠,ETF
091230,TIGER 반도체,ETF
098560,TIGER 방송통신,ETF
170350,TIGER 베타플러스,ETF
138520,TIGER 삼성그룹펀더멘털,ETF
152180,TIGER 생활필수품,ETF
157490,TIGER 소프트웨어,ETF
228800,TIGER 여행레저,ETF
227570,TIGER 우량가치,ETF
130680,TIGER 원유선물Enhanced(H),ETF
217770,TIGER 원유선물인버스(H),ETF
195930,TIGER 유로스탁스50(합성 H),ETF
225050,TIGER 유로스탁스레버리지(합성 H),ETF
091220,TIGER 은행,ETF
225060,TIGER 이머징마켓MSCI레버리지(합성 H),ETF
123310,TIGER 인버스,ETF
195920,TIGER 일본TOPIX(합성 H),ETF
157510,TIGER 자동차,ETF
150460,TIGER 중국소비테마,ETF
157500,TIGER 증권,ETF
192090,TIGER 차이나CSI300,ETF
217780,TIGER 차이나CSI300인버스(합성),ETF
117690,TIGER 차이나항셍25,ETF
232080,TIGER 코스닥150,ETF
143860,TIGER 헬스케어,ETF
138540,TIGER 현대차그룹+펀더멘털,ETF
228790,TIGER 화장품,ETF
157520,TIGER 화학,ETF
108590,TREX 200,ETF
097750,TREX 중소형가치,ETF
145850,TREX 펀더멘탈 200,ETF
570005,TRUE 목표변동성20 코스피선물 ETN,ETF
570003,TRUE 빅5 동일가중 ETN,ETF
570007,TRUE 위안화 중국5년국채 ETN,ETF
570004,TRUE 인버스 유로스탁스50 ETN(H),ETF
570006,TRUE 인버스 차이나H ETN(H),ETF
580004,able KQ Monthly Best 11 ETN,ETF
580003,able Monthly Best 11 ETN,ETF
580005,able 우량주 Monthly Best 11 ETN,ETF
550016,octo 건설 TOP5 ETN,ETF
550006,octo 내수소비 TOP5 ETN,ETF
550004,octo 롱숏 K150 매수 로우볼 매도 ETN,ETF
550014,octo 바이오 TOP5 ETN,ETF
550008,octo 소프트웨어 TOP5 ETN,ETF
550003,octo 스마트리밸런싱 250/3 ETN,ETF
550005,octo 에너지 TOP5 ETN,ETF
550010,octo 운송 TOP5 ETN,ETF
550012,octo 의료 TOP5 ETN,ETF
550011,octo 자동차 TOP5 ETN,ETF
550015,octo 제약 TOP5 ETN,ETF
550007,octo 조선 TOP5 ETN,ETF
550009,octo 하드웨어 TOP5 ETN,ETF
550013,octo 화학 TOP5 ETN,ETF
520003,대우 원자재 선물 ETN(H),ETF
520002,대우 차이나 대표주 15 ETN(H),ETF
137930,마이다스 200커버드콜,ETF
159800,마이티 코스피100,ETF
530010,삼성 건축자재 테마주 ETN,ETF
530007,삼성 레저 테마주 ETN,ETF
530003,삼성 모멘텀 탑픽 ETN,ETF
530008,삼성 미디어 테마주 ETN,ETF
530005,삼성 바이오 테마주 ETN,ETF
530011,삼성 온라인쇼핑 테마주 ETN,ETF
530006,삼성 음식료 테마주 ETN,ETF
530002,삼성 인버스 China A50 선물 ETN(H),ETF
530009,삼성 증권 테마주 ETN,ETF
530004,삼성 화장품 테마주 ETN,ETF
530012,삼성 화학 테마주 ETN,ETF
500015,신한 WTI원유 선물 ETN(H),ETF
500016,신한 금 선물 ETN(H),ETF
500009,신한 다우존스지수 선물 ETN(H),ETF
500011,신한 달러인덱스 선물 ETN(H),ETF
500013,신한 옥수수 선물 ETN(H),ETF
500017,신한 은 선물 ETN(H),ETF
500003,신한 인버스 WTI원유 선물 ETN(H),ETF
500008,신한 인버스 구리 선물 ETN(H),ETF
500006,신한 인버스 금 선물 ETN(H),ETF
500010,신한 인버스 다우존스지수 선물 ETN(H),ETF
500012,신한 인버스 달러인덱스 선물 ETN(H),ETF
500005,신한 인버스 브렌트원유 선물 ETN(H),ETF
500014,신한 인버스 옥수수 선물 ETN(H),ETF
500007,신한 인버스 은 선물 ETN(H),ETF
152870,파워 200,ETF
192720,파워 고배당저변동성,ETF
226810,파워 단기채,ETF
176710,파워 중기국고채,ETF
140950,파워 코스피100,ETF
